model,best_val_nse,n_trials,alpha,log_shift,hidden_size,n_layers,lr,dropout,window_size
log_ridge,0.0298,80,2.278456787920009,0.9019528694698856,,,,,
res_ann,0.2499,70,,,320.0,4.0,0.0021097215364425117,0.022268726399332698,
attn_lstm,0.2636,30,,,128.0,2.0,0.00039687933304443713,0.031203728088487304,60.0
