model,best_val_nse,n_trials,alpha,log_shift,target_transform,use_weighted_loss,loss_lambda,hidden_size,n_layers,lr,dropout,weight_decay,loss_fn,batch_size,window_size
log_ridge,-0.8186,200,0.000657217385839684,0.5547217584527511,plain,True,0.10007180824289386,,,,,,,,
res_ann,0.4555,102,,,,False,6.422637576165694,896.0,4.0,0.004184951483305618,0.13459548711928265,5.113226679854434e-07,mse,2048.0,
attn_lstm,0.4562,100,,,,False,0.8485720881972153,224.0,1.0,0.0018460130993645343,0.05476525848002486,1.9956575732226166e-05,mse,1024.0,30.0
