model,best_val_nse,n_trials,alpha,log_shift,target_transform,hidden_size,n_layers,lr,dropout,weight_decay,loss_fn,window_size
log_ridge,0.0062,180,1.9078073679984862e-05,0.9995090019722803,log,,,,,,,
res_ann,0.2544,156,,,,512.0,3.0,0.0032902598574358535,0.0018258804096369183,1.3491343196041316e-07,huber,
attn_lstm,0.2476,6,,,,192.0,1.0,0.0017898794163735267,0.12486639612006326,7.068974950624591e-08,mse,90.0
