model,best_val_nse,n_trials,alpha,log_shift,target_transform,hidden_size,n_layers,lr,dropout,weight_decay,loss_fn,window_size
log_ridge,0.0062,180,1.9078073679984862e-05,0.9995090019722803,log,,,,,,,
res_ann,0.2546,180,,,,640.0,3.0,0.0020608826297530756,0.006592771683762719,7.80115208447331e-05,huber,
attn_lstm,0.2476,8,,,,192.0,1.0,0.0017898794163735267,0.12486639612006326,7.068974950624591e-08,mse,90.0
