{
  "timestamp": "2026-04-21T07:38:46.801336",
  "best_params": {
    "log_ridge": {
      "alpha": 2.278456787920009,
      "log_shift": 0.9019528694698856
    },
    "res_ann": {
      "hidden_size": 320,
      "n_layers": 4,
      "lr": 0.0021097215364425117,
      "dropout": 0.022268726399332698
    },
    "attn_lstm": {
      "window_size": 60,
      "hidden_size": 128,
      "n_layers": 2,
      "lr": 0.00039687933304443713,
      "dropout": 0.031203728088487304
    }
  },
  "test_metrics": {
    "NSE": {
      "Log-Ridge": -0.0003,
      "Res-ANN": 0.0385,
      "Attn-LSTM": 0.0709
    },
    "KGE": {
      "Log-Ridge": -0.4794,
      "Res-ANN": -0.1795,
      "Attn-LSTM": -0.3891
    },
    "RMSE": {
      "Log-Ridge": 1.2531,
      "Res-ANN": 1.2285,
      "Attn-LSTM": 1.2362
    },
    "PBIAS": {
      "Log-Ridge": 80.59,
      "Res-ANN": 11.54,
      "Attn-LSTM": 92.26
    }
  },
  "data": {
    "train_rows": 470399,
    "val_rows": 37814,
    "test_rows": 36268,
    "train_storms": 144,
    "val_storms": 30,
    "test_storms": 32
  }
}