{
  "timestamp": "2026-05-03T12:00:36.337321",
  "best_params": {
    "log_ridge": {
      "alpha": 0.00045364080492496116,
      "log_shift": 0.11512485624028615,
      "target_transform": "log",
      "use_weighted_loss": true,
      "loss_lambda": 1.4923941775465197
    },
    "res_ann": {
      "hidden_size": 768,
      "n_layers": 2,
      "lr": 0.00017034256551917517,
      "dropout": 0.019704635079055063,
      "weight_decay": 1.0315641857638228e-07,
      "loss_fn": "huber",
      "use_weighted_loss": false,
      "loss_lambda": 0.14068418919711137,
      "batch_size": 16384
    },
    "attn_lstm": {
      "window_size": 30,
      "hidden_size": 256,
      "n_layers": 3,
      "lr": 0.0010930244958603818,
      "dropout": 0.023832735061455994,
      "weight_decay": 9.449978497302662e-07,
      "loss_fn": "huber",
      "use_weighted_loss": false,
      "loss_lambda": 0.15337461338270086,
      "batch_size": 2048
    }
  },
  "train_metrics": {
    "KGE": {
      "Log-Ridge": 0.4419,
      "Res-ANN": 0.5348,
      "Attn-LSTM": 0.6899
    },
    "NSE": {
      "Log-Ridge": 0.1626,
      "Res-ANN": 0.2275,
      "Attn-LSTM": 0.5888
    },
    "RMSE": {
      "Log-Ridge": 0.4988,
      "Res-ANN": 0.479,
      "Attn-LSTM": 0.3548
    },
    "PBIAS": {
      "Log-Ridge": 3.54,
      "Res-ANN": 1.98,
      "Attn-LSTM": -2.62
    },
    "PeakNSE": {
      "Log-Ridge": -1.1352,
      "Res-ANN": -0.5224,
      "Attn-LSTM": -0.1798
    }
  },
  "test_metrics": {
    "KGE": {
      "Log-Ridge": -0.0246,
      "Res-ANN": 0.0772,
      "Attn-LSTM": -0.0477
    },
    "NSE": {
      "Log-Ridge": 0.1502,
      "Res-ANN": 0.1806,
      "Attn-LSTM": 0.0843
    },
    "RMSE": {
      "Log-Ridge": 1.3014,
      "Res-ANN": 1.2779,
      "Attn-LSTM": 1.3695
    },
    "PBIAS": {
      "Log-Ridge": 55.83,
      "Res-ANN": 30.07,
      "Attn-LSTM": 45.18
    },
    "PeakNSE": {
      "Log-Ridge": -0.4895,
      "Res-ANN": -0.4044,
      "Attn-LSTM": -0.5499
    }
  },
  "overfit_gaps": {
    "Delta_KGE_tr_test": {
      "Log-Ridge": 0.4665,
      "Res-ANN": 0.45760000000000006,
      "Attn-LSTM": 0.7375999999999999
    },
    "Delta_NSE_tr_test": {
      "Log-Ridge": 0.012399999999999994,
      "Res-ANN": 0.0469,
      "Attn-LSTM": 0.5045
    }
  },
  "guardrails": {
    "top_n_candidates": 3,
    "val_kge_tolerance": 0.05,
    "val_nse_tolerance": 0.05,
    "max_pbias_allowed": 15.0,
    "selected_trials": {
      "log_ridge": {
        "trial_number": 281,
        "val_kge": 0.609782742556378,
        "val_pbias": -4.493529319763184
      },
      "res_ann": {
        "trial_number": 133,
        "val_kge": 0.8232481083125895,
        "val_pbias": 4.94797420501709
      },
      "attn_lstm": {
        "trial_number": 652,
        "val_kge": 0.7676166224971268,
        "val_pbias": -1.7191133499145508
      }
    }
  }
}