{
  "timestamp": "2026-05-04T15:38:45.092605",
  "best_params": {
    "log_ridge": {
      "alpha": 0.00045364080492496116,
      "log_shift": 0.11512485624028615,
      "target_transform": "log",
      "use_weighted_loss": true,
      "loss_lambda": 1.4923941775465197
    },
    "res_ann": {
      "hidden_size": 896,
      "n_layers": 2,
      "lr": 0.00017079893789322353,
      "dropout": 0.1020947818621333,
      "weight_decay": 2.2732070380544178e-05,
      "loss_fn": "huber",
      "use_weighted_loss": false,
      "loss_lambda": 6.186040528068269,
      "underpredict_penalty": 5.2008540982284215,
      "batch_size": 16384
    },
    "attn_lstm": {
      "window_size": 30,
      "hidden_size": 256,
      "n_layers": 3,
      "lr": 0.0002519795288834176,
      "dropout": 0.010514303994947186,
      "weight_decay": 8.479834006997945e-07,
      "loss_fn": "huber",
      "use_weighted_loss": false,
      "loss_lambda": 1.639202817298566,
      "underpredict_penalty": 8.0170758881188,
      "batch_size": 2048
    }
  },
  "train_metrics": {
    "KGE": {
      "Log-Ridge": 0.4419,
      "Res-ANN": 0.5302,
      "Attn-LSTM": 0.6296
    },
    "NSE": {
      "Log-Ridge": 0.1626,
      "Res-ANN": 0.1229,
      "Attn-LSTM": 0.5234
    },
    "RMSE": {
      "Log-Ridge": 0.4988,
      "Res-ANN": 0.5105,
      "Attn-LSTM": 0.382
    },
    "PBIAS": {
      "Log-Ridge": 3.54,
      "Res-ANN": 6.47,
      "Attn-LSTM": 1.67
    },
    "PeakNSE": {
      "Log-Ridge": -1.1352,
      "Res-ANN": -0.5716,
      "Attn-LSTM": -0.1554
    }
  },
  "test_metrics": {
    "KGE": {
      "Log-Ridge": -0.0246,
      "Res-ANN": 0.0323,
      "Attn-LSTM": 0.0699
    },
    "NSE": {
      "Log-Ridge": 0.1502,
      "Res-ANN": 0.1273,
      "Attn-LSTM": 0.1796
    },
    "RMSE": {
      "Log-Ridge": 1.3014,
      "Res-ANN": 1.3188,
      "Attn-LSTM": 1.2963
    },
    "PBIAS": {
      "Log-Ridge": 55.83,
      "Res-ANN": 40.55,
      "Attn-LSTM": 32.11
    },
    "PeakNSE": {
      "Log-Ridge": -0.4895,
      "Res-ANN": -0.4663,
      "Attn-LSTM": -0.4105
    }
  },
  "overfit_gaps": {
    "Delta_KGE_tr_test": {
      "Log-Ridge": 0.4665,
      "Res-ANN": 0.4979,
      "Attn-LSTM": 0.5597000000000001
    },
    "Delta_NSE_tr_test": {
      "Log-Ridge": 0.012399999999999994,
      "Res-ANN": -0.004400000000000001,
      "Attn-LSTM": 0.3438
    }
  },
  "guardrails": {
    "top_n_candidates": 3,
    "val_kge_tolerance": 0.05,
    "val_nse_tolerance": 0.05,
    "max_pbias_allowed": 15.0,
    "selected_trials": {
      "log_ridge": {
        "trial_number": 281,
        "val_kge": 0.609782742556378,
        "val_pbias": -4.493529319763184
      },
      "res_ann": {
        "trial_number": 562,
        "val_kge": 0.838515809502514,
        "val_pbias": -1.2888258695602417
      },
      "attn_lstm": {
        "trial_number": 179,
        "val_kge": 0.7641983651795412,
        "val_pbias": 0.315100759267807
      }
    }
  }
}