{
  "timestamp": "2026-05-02T19:26:18.984537",
  "best_params": {
    "log_ridge": {
      "alpha": 0.0014863910467093249,
      "log_shift": 0.977689498375666,
      "target_transform": "log",
      "use_weighted_loss": false,
      "loss_lambda": 0.6216222570959491
    },
    "res_ann": {
      "hidden_size": 640,
      "n_layers": 4,
      "lr": 0.00014115117515150152,
      "dropout": 0.07063014490112365,
      "weight_decay": 7.340038627051209e-07,
      "loss_fn": "huber",
      "use_weighted_loss": false,
      "loss_lambda": 2.7164180787851997,
      "batch_size": 4096
    },
    "attn_lstm": {
      "window_size": 60,
      "hidden_size": 256,
      "n_layers": 3,
      "lr": 0.001414137343869587,
      "dropout": 0.0670390000270323,
      "weight_decay": 2.8260576595653965e-08,
      "loss_fn": "huber",
      "use_weighted_loss": false,
      "loss_lambda": 5.37364177670315,
      "batch_size": 2048
    }
  },
  "train_metrics": {
    "NSE": {
      "Log-Ridge": 0.2622,
      "Res-ANN": 0.5583,
      "Attn-LSTM": 0.5897
    },
    "KGE": {
      "Log-Ridge": 0.3282,
      "Res-ANN": 0.6604,
      "Attn-LSTM": 0.6322
    },
    "RMSE": {
      "Log-Ridge": 0.4682,
      "Res-ANN": 0.3622,
      "Attn-LSTM": 0.3599
    },
    "PBIAS": {
      "Log-Ridge": 13.28,
      "Res-ANN": 3.88,
      "Attn-LSTM": 8.05
    }
  },
  "test_metrics": {
    "NSE": {
      "Log-Ridge": 0.0789,
      "Res-ANN": -0.0152,
      "Attn-LSTM": 0.0674
    },
    "KGE": {
      "Log-Ridge": -0.1065,
      "Res-ANN": -0.1835,
      "Attn-LSTM": -0.0696
    },
    "RMSE": {
      "Log-Ridge": 1.3549,
      "Res-ANN": 1.4224,
      "Attn-LSTM": 1.4016
    },
    "PBIAS": {
      "Log-Ridge": 60.12,
      "Res-ANN": 45.3,
      "Attn-LSTM": 45.05
    }
  },
  "overfit_gaps": {
    "Delta_NSE_train_minus_test": {
      "Log-Ridge": 0.1833,
      "Res-ANN": 0.5735,
      "Attn-LSTM": 0.5223
    },
    "Delta_KGE_train_minus_test": {
      "Log-Ridge": 0.4347,
      "Res-ANN": 0.8439,
      "Attn-LSTM": 0.7018
    }
  },
  "guardrails": {
    "top_n_candidates": 3,
    "val_nse_tolerance": 0.03,
    "val_kge_tolerance": 0.05,
    "selected_trials": {
      "log_ridge": {
        "trial_number": 26,
        "val_nse": 0.41283726692199707,
        "val_kge": 0.4419700835503233
      },
      "res_ann": {
        "trial_number": 44,
        "val_nse": 0.6182956695556641,
        "val_kge": 0.38047959983269763
      },
      "attn_lstm": {
        "trial_number": 27,
        "val_nse": 0.5477666854858398,
        "val_kge": 0.7072476892945214
      }
    }
  },
  "data": {
    "train_rows": 25734,
    "val_rows": 4858,
    "test_rows": 8283,
    "train_storms": 44,
    "val_storms": 9,
    "test_storms": 10
  }
}