{
  "timestamp": "2026-05-06T12:53:05.835332",
  "best_params": {
    "log_ridge": {
      "alpha": 0.0005491783420491748,
      "log_shift": 0.11314157964171744,
      "target_transform": "log",
      "use_weighted_loss": true,
      "loss_lambda": 1.4989429320871834
    },
    "res_ann": {
      "hidden_size": 896,
      "n_layers": 2,
      "lr": 0.00017079893789322353,
      "dropout": 0.1020947818621333,
      "weight_decay": 2.2732070380544178e-05,
      "loss_fn": "huber",
      "use_weighted_loss": false,
      "loss_lambda": 6.186040528068269,
      "underpredict_penalty": 5.2008540982284215,
      "batch_size": 16384
    },
    "attn_lstm": {
      "window_size": 30,
      "hidden_size": 256,
      "n_layers": 3,
      "lr": 0.0002519795288834176,
      "dropout": 0.010514303994947186,
      "weight_decay": 8.479834006997945e-07,
      "loss_fn": "huber",
      "use_weighted_loss": false,
      "loss_lambda": 1.639202817298566,
      "underpredict_penalty": 8.0170758881188,
      "batch_size": 2048
    }
  },
  "train_metrics": {
    "KGE": {
      "Log-Ridge": 0.4419,
      "Res-ANN": 0.5349,
      "Attn-LSTM": 0.625
    },
    "NSE": {
      "Log-Ridge": 0.1592,
      "Res-ANN": 0.1239,
      "Attn-LSTM": 0.5025
    },
    "RMSE": {
      "Log-Ridge": 0.4998,
      "Res-ANN": 0.5102,
      "Attn-LSTM": 0.3903
    },
    "PBIAS": {
      "Log-Ridge": 3.67,
      "Res-ANN": 3.21,
      "Attn-LSTM": -1.1
    },
    "PeakNSE": {
      "Log-Ridge": -1.1481,
      "Res-ANN": -0.5539,
      "Attn-LSTM": -0.1863
    }
  },
  "test_metrics": {
    "KGE": {
      "Log-Ridge": -0.0251,
      "Res-ANN": 0.04,
      "Attn-LSTM": 0.0751
    },
    "NSE": {
      "Log-Ridge": 0.15,
      "Res-ANN": 0.129,
      "Attn-LSTM": 0.1863
    },
    "RMSE": {
      "Log-Ridge": 1.3015,
      "Res-ANN": 1.3175,
      "Attn-LSTM": 1.2909
    },
    "PBIAS": {
      "Log-Ridge": 55.94,
      "Res-ANN": 38.68,
      "Attn-LSTM": 35.41
    },
    "PeakNSE": {
      "Log-Ridge": -0.4897,
      "Res-ANN": -0.4602,
      "Attn-LSTM": -0.3791
    }
  },
  "overfit_gaps": {
    "Delta_KGE_tr_test": {
      "Log-Ridge": 0.467,
      "Res-ANN": 0.49490000000000006,
      "Attn-LSTM": 0.5499
    },
    "Delta_NSE_tr_test": {
      "Log-Ridge": 0.009200000000000014,
      "Res-ANN": -0.005100000000000007,
      "Attn-LSTM": 0.3161999999999999
    }
  },
  "guardrails": {
    "top_n_candidates": 3,
    "val_kge_tolerance": 0.05,
    "val_nse_tolerance": 0.05,
    "max_pbias_allowed": 15.0,
    "selected_trials": {
      "log_ridge": {
        "trial_number": 2920,
        "val_kge": 0.6098018362007169,
        "val_pbias": -4.367060661315918
      },
      "res_ann": {
        "trial_number": 562,
        "val_kge": 0.838515809502514,
        "val_pbias": -1.2888258695602417
      },
      "attn_lstm": {
        "trial_number": 179,
        "val_kge": 0.7641983651795412,
        "val_pbias": 0.315100759267807
      }
    }
  }
}