{
  "timestamp": "2026-05-02T15:15:18.503226",
  "best_params": {
    "log_ridge": {
      "alpha": 0.000657217385839684,
      "log_shift": 0.5547217584527511,
      "target_transform": "plain",
      "use_weighted_loss": true,
      "loss_lambda": 0.10007180824289386
    },
    "res_ann": {
      "hidden_size": 1024,
      "n_layers": 4,
      "lr": 0.0032636862575494137,
      "dropout": 0.08591149681726862,
      "weight_decay": 2.595385768513193e-07,
      "loss_fn": "mse",
      "use_weighted_loss": false,
      "loss_lambda": 9.11135537390243,
      "batch_size": 2048
    },
    "attn_lstm": {
      "window_size": 30,
      "hidden_size": 224,
      "n_layers": 1,
      "lr": 0.0018460130993645343,
      "dropout": 0.05476525848002486,
      "weight_decay": 1.9956575732226166e-05,
      "loss_fn": "mse",
      "use_weighted_loss": false,
      "loss_lambda": 0.8485720881972153,
      "batch_size": 1024
    }
  },
  "train_metrics": {
    "NSE": {
      "Log-Ridge": 0.2706,
      "Res-ANN": 0.5092,
      "Attn-LSTM": 0.4902
    },
    "KGE": {
      "Log-Ridge": 0.3232,
      "Res-ANN": 0.5363,
      "Attn-LSTM": 0.5789
    },
    "RMSE": {
      "Log-Ridge": 0.3861,
      "Res-ANN": 0.3167,
      "Attn-LSTM": 0.3243
    },
    "PBIAS": {
      "Log-Ridge": -3.55,
      "Res-ANN": -11.07,
      "Attn-LSTM": 5.01
    }
  },
  "test_metrics": {
    "NSE": {
      "Log-Ridge": 0.0559,
      "Res-ANN": -0.0757,
      "Attn-LSTM": -0.0964
    },
    "KGE": {
      "Log-Ridge": -0.0601,
      "Res-ANN": -0.322,
      "Attn-LSTM": -0.3235
    },
    "RMSE": {
      "Log-Ridge": 2.1636,
      "Res-ANN": 2.3095,
      "Attn-LSTM": 2.3817
    },
    "PBIAS": {
      "Log-Ridge": 34.49,
      "Res-ANN": 57.78,
      "Attn-LSTM": 61.37
    }
  },
  "overfit_gaps": {
    "Delta_NSE_train_minus_test": {
      "Log-Ridge": 0.2147,
      "Res-ANN": 0.5849,
      "Attn-LSTM": 0.5866
    },
    "Delta_KGE_train_minus_test": {
      "Log-Ridge": 0.3833,
      "Res-ANN": 0.8583000000000001,
      "Attn-LSTM": 0.9024
    }
  },
  "guardrails": {
    "top_n_candidates": 3,
    "val_nse_tolerance": 0.03,
    "val_kge_tolerance": 0.05,
    "selected_trials": {
      "log_ridge": {
        "trial_number": 195,
        "val_nse": -0.8185843229293823,
        "val_kge": -0.2487420109570604
      },
      "res_ann": {
        "trial_number": 76,
        "val_nse": 0.434848427772522,
        "val_kge": 0.4418574042466431
      },
      "attn_lstm": {
        "trial_number": 98,
        "val_nse": 0.4562304615974426,
        "val_kge": 0.6082932230561727
      }
    }
  },
  "data": {
    "train_rows": 26599,
    "val_rows": 3952,
    "test_rows": 3390,
    "train_storms": 37,
    "val_storms": 7,
    "test_storms": 7
  }
}