{
  "timestamp": "2026-04-29T18:48:33.083036",
  "best_params": {
    "log_ridge": {
      "alpha": 0.00020314229909992916,
      "log_shift": 0.06238110974489954,
      "target_transform": "log"
    },
    "res_ann": {
      "hidden_size": 640,
      "n_layers": 4,
      "lr": 5.813061479602062e-05,
      "dropout": 0.13101562978691886,
      "weight_decay": 1.3561792041606843e-07,
      "loss_fn": "huber"
    },
    "attn_lstm": {
      "window_size": 90,
      "hidden_size": 96,
      "n_layers": 2,
      "lr": 0.0013745751898039456,
      "dropout": 0.04347479790153596,
      "weight_decay": 9.406128437620346e-05,
      "loss_fn": "huber"
    }
  },
  "train_metrics": {
    "NSE": {
      "Log-Ridge": -0.0054,
      "Res-ANN": -0.0055,
      "Attn-LSTM": -0.0045
    },
    "KGE": {
      "Log-Ridge": -0.6375,
      "Res-ANN": -0.6615,
      "Attn-LSTM": -0.6872
    },
    "RMSE": {
      "Log-Ridge": 2.8763,
      "Res-ANN": 2.8765,
      "Attn-LSTM": 2.3506
    },
    "PBIAS": {
      "Log-Ridge": 97.63,
      "Res-ANN": 96.99,
      "Attn-LSTM": 99.08
    }
  },
  "test_metrics": {
    "NSE": {
      "Log-Ridge": 0.0011,
      "Res-ANN": -0.0039,
      "Attn-LSTM": -0.011
    },
    "KGE": {
      "Log-Ridge": -0.3882,
      "Res-ANN": -0.4311,
      "Attn-LSTM": -0.6252
    },
    "RMSE": {
      "Log-Ridge": 0.0927,
      "Res-ANN": 0.093,
      "Attn-LSTM": 0.1007
    },
    "PBIAS": {
      "Log-Ridge": 34.92,
      "Res-ANN": 38.81,
      "Attn-LSTM": 87.65
    }
  },
  "overfit_gaps": {
    "Delta_NSE_train_minus_test": {
      "Log-Ridge": -0.006500000000000001,
      "Res-ANN": -0.0015999999999999999,
      "Attn-LSTM": 0.0065
    },
    "Delta_KGE_train_minus_test": {
      "Log-Ridge": -0.24929999999999997,
      "Res-ANN": -0.2304,
      "Attn-LSTM": -0.062000000000000055
    }
  },
  "data": {
    "train_rows": 41790,
    "val_rows": 5991,
    "test_rows": 4364,
    "train_storms": 64,
    "val_storms": 9,
    "test_storms": 7
  }
}