{
  "timestamp": "2026-04-28T03:08:47.856737",
  "best_params": {
    "log_ridge": {
      "alpha": 0.00020314229909992916,
      "log_shift": 0.06238110974489954,
      "target_transform": "log"
    },
    "res_ann": {
      "hidden_size": 640,
      "n_layers": 4,
      "lr": 5.813061479602062e-05,
      "dropout": 0.13101562978691886,
      "weight_decay": 1.3561792041606843e-07,
      "loss_fn": "huber"
    },
    "attn_lstm": {
      "window_size": 30,
      "hidden_size": 128,
      "n_layers": 3,
      "lr": 0.000562056055081138,
      "dropout": 0.017048262732786038,
      "weight_decay": 3.537362005314277e-05,
      "loss_fn": "huber"
    }
  },
  "train_metrics": {
    "NSE": {
      "Log-Ridge": 0.5644,
      "Res-ANN": 0.135,
      "Attn-LSTM": 0.7945
    },
    "KGE": {
      "Log-Ridge": 0.2806,
      "Res-ANN": -0.1473,
      "Attn-LSTM": 0.8742
    },
    "RMSE": {
      "Log-Ridge": 0.0411,
      "Res-ANN": 0.058,
      "Attn-LSTM": 0.0285
    },
    "PBIAS": {
      "Log-Ridge": 44.48,
      "Res-ANN": -61.36,
      "Attn-LSTM": -2.63
    }
  },
  "test_metrics": {
    "NSE": {
      "Log-Ridge": 0.4646,
      "Res-ANN": 0.0519,
      "Attn-LSTM": -1.8633
    },
    "KGE": {
      "Log-Ridge": 0.2592,
      "Res-ANN": -2.1003,
      "Attn-LSTM": -1.9873
    },
    "RMSE": {
      "Log-Ridge": 0.0274,
      "Res-ANN": 0.0365,
      "Attn-LSTM": 0.0654
    },
    "PBIAS": {
      "Log-Ridge": -69.05,
      "Res-ANN": -295.06,
      "Attn-LSTM": -274.25
    }
  },
  "overfit_gaps": {
    "Delta_NSE_train_minus_test": {
      "Log-Ridge": 0.0998,
      "Res-ANN": 0.08310000000000001,
      "Attn-LSTM": 2.6578
    },
    "Delta_KGE_train_minus_test": {
      "Log-Ridge": 0.02140000000000003,
      "Res-ANN": 1.9529999999999998,
      "Attn-LSTM": 2.8615
    }
  },
  "guardrails": {
    "top_n_candidates": 3,
    "val_nse_tolerance": 0.03,
    "val_kge_tolerance": 0.05,
    "selected_trials": {
      "log_ridge": {
        "trial_number": 234,
        "val_nse": 0.46163833141326904,
        "val_kge": 0.11037445492004483
      },
      "res_ann": {
        "trial_number": 238,
        "val_nse": 0.40912139415740967,
        "val_kge": -0.2062847895540305
      },
      "attn_lstm": {
        "trial_number": 32,
        "val_nse": 0.4791553020477295,
        "val_kge": 0.4374381756035044
      }
    }
  },
  "data": {
    "train_rows": 7240,
    "val_rows": 0,
    "test_rows": 976,
    "train_storms": 4,
    "val_storms": 0,
    "test_storms": 2
  }
}