{
  "timestamp": "2026-04-11T22:51:48.862366",
  "best_params": {
    "log_ridge": {
      "alpha": 0.043423115913266766,
      "log_shift": 0.991299438859841
    },
    "res_ann": {
      "hidden_size": 320,
      "n_layers": 4,
      "lr": 0.0021097215364425117,
      "dropout": 0.022268726399332698
    },
    "attn_lstm": {
      "window_size": 60,
      "hidden_size": 128,
      "n_layers": 2,
      "lr": 0.00039687933304443713,
      "dropout": 0.031203728088487304
    }
  },
  "test_metrics": {
    "NSE": {
      "Log-Ridge": -0.0202,
      "Res-ANN": 0.123,
      "Attn-LSTM": 0.1368
    },
    "KGE": {
      "Log-Ridge": -0.5261,
      "Res-ANN": 0.0953,
      "Attn-LSTM": 0.1215
    },
    "RMSE": {
      "Log-Ridge": 1.7145,
      "Res-ANN": 1.5896,
      "Attn-LSTM": 1.5746
    },
    "PBIAS": {
      "Log-Ridge": 84.59,
      "Res-ANN": 48.05,
      "Attn-LSTM": 48.2
    }
  },
  "data": {
    "train_rows": 5128938,
    "val_rows": 407823,
    "test_rows": 120584,
    "train_storms": 210,
    "val_storms": 45,
    "test_storms": 46
  }
}